Numéro de l'élément	Groupe	Nom scientifique	Nom commun (a completer)	Statut provincial
Amphibiens	3	Desmognathus fuscus	salamandre sombre du Nord	Susceptible
Amphibiens	4	Desmognathus ochrophaeus pop. 2	salamandre sombre des montagnes, pop. des Appalaches	Menacée
Amphibiens	17067	Gyrinophilus porphyriticus pop. 2	salamandre pourpre, pop. des Adirondacks et des Appalaches	Vulnérable
Amphibiens	7	Hemidactylium scutatum	salamandre à quatre orteils	Susceptible
Amphibiens	18	Lithobates palustris	grenouille des marais	Susceptible
Amphibiens	15	Pseudacris maculata	rainette faux-grillon boréale	Susceptible
Amphibiens	13	Pseudacris triseriata	rainette faux-grillon de l'Ouest	Menacée
Bryophytes	1626	Acaulon muticum var. muticum	acaulon mutique	Susceptible
Bryophytes	1628	Aloina brevirostris	aloina à bec court	Susceptible
Bryophytes	1637	Andreaea crassinervia	lanterne à nervure épaisse	Susceptible
Bryophytes	1638	Andreaea nivalis	lanterne des neiges	Susceptible
Bryophytes	17050	Aneura maxima	grand aneura	Susceptible
Bryophytes	1405	Anthoceros agrestis	anthocérote des champs	Susceptible
Bryophytes	1649	Aongstroemia longipes	branchette dressée	Susceptible
Bryophytes	1568	Apopellia endiviifolia	pellie ramifiée	Susceptible
Bryophytes	1654	Arctoa anderssonii	faux-dicrane arctique	Susceptible
Bryophytes	1417	Asterella tenella	astérelle délicate	Susceptible
Bryophytes	1663	Aulacomnium androgynum	petite aulacomnie	Susceptible
Bryophytes	17121	Biantheridion undulifolium	sylphide ondulée	Susceptible
Bryophytes	1698	Brachythecium glaciale	buissonnette des neiges	Susceptible
Bryophytes	1684	Brachythecium latifolium	buissonnette à feuilles larges	Susceptible
Bryophytes	1700	Bruchia flexuosa	bruchie flexueuse	Susceptible
Bryophytes	15045	Bryum demaretianum	bryum des champs	Susceptible
Bryophytes	17109	Bryum elegans	bryum élégant	Susceptible
Bryophytes	15071	Bryum gemmiparum	bryum gemmipare	Susceptible
Bryophytes	1713	Bryum knowltonii	bryum nordique	Susceptible
Bryophytes	1715	Bryum longisetum	bryum à soie longue	Susceptible
Bryophytes	15266	Bryum marratii	bryum furtif	Susceptible
Bryophytes	15072	Bryum rubens	bryum à tubercules rouges	Susceptible
Bryophytes	1739	Bryum warneum	bryum marin	Susceptible
Bryophytes	17112	Buxbaumia piperi	gnome mat	Susceptible
Bryophytes	16552	Campylophyllum sommerfeltii	campylie ambiguë	Susceptible
Bryophytes	1761	Campylopus schimperi	torpied arctique	Susceptible
Bryophytes	6829	Campylostelium saxicola	servan des rochers	Susceptible
Bryophytes	17113	Cephaloziella rubella var. sullivantii	céphalozielle bois-pourri	Susceptible
Bryophytes	15348	Cephaloziella uncinata	céphalozielle à crochets	Susceptible
Bryophytes	1764	Ceratodon heterophyllus	cératodon varié	Susceptible
Bryophytes	1765	Cinclidium latifolium	mnie à feuilles larges	Susceptible
Bryophytes	1418	Clevea hyalina	morgane évanescente	Susceptible
Bryophytes	1769	Climacium americanum	climacie méridionale	Susceptible
Bryophytes	1776	Ctenidium subrectifolium	hypne papilleuse	Susceptible
Bryophytes	1781	Cynodontium glaucescens	cynodonte glauque	Susceptible
Bryophytes	1778	Cynodontium schisti	cynodonte arctique	Susceptible
Bryophytes	1794	Dichelyma uncinatum	fontinale à feuilles arquées	Susceptible
Bryophytes	1801	Dicranella palustris	dicranelle des marais	Susceptible
Bryophytes	15073	Dicranella staphylina	dicranelle des champs	Susceptible
Bryophytes	1807	Dicranodontium denudatum	dicranodonte effeuillé	Susceptible
Bryophytes	1841	Didymodon maschalogena	pixie arctique	Susceptible
Bryophytes	15347	Diplophyllum obtusatum	fausse-scapanie obtuse	Susceptible
Bryophytes	1843	Discelium nudum	discélie nue	Susceptible
Bryophytes	1850	Ditrichum pallidum	ditric pâle	Susceptible
Bryophytes	1760	Drepanocladus arcticus	faucillette arctique	Susceptible
Bryophytes	1863	Encalypta affinis subsp. affinis	éteignoir des neiges	Susceptible
Bryophytes	1867	Encalypta brevipes	petit éteignoir	Susceptible
Bryophytes	1869	Encalypta longicollis	éteignoir à long col	Susceptible
Bryophytes	16566	Endogemma caespiticia	jongermanne grégaire	Susceptible
Bryophytes	1876	Ephemerum serratum	éphémère à feuilles dentées	Susceptible
Bryophytes	16625	Eremonotus myriocarpus	fausse-céphalozielle cuivrée	Susceptible
Bryophytes	1884	Fissidens exilis	fissident mince	Susceptible
Bryophytes	1885	Fissidens fontanus	fissident des sources	Susceptible
Bryophytes	30008	Fissidens grandifrons	fissident raide	Susceptible
Bryophytes	1886	Fissidens obtusifolius	fissident à feuilles obtuses	Susceptible
Bryophytes	6839	Fissidens subbasilaris	fissident obscur	Susceptible
Bryophytes	17049	Forsstroemia trichomitria	hyade à chapeau poilu	Susceptible
Bryophytes	1479	Frullania brittoniae	frullanie papilleuse	Susceptible
Bryophytes	15349	Frullania inflata var. communis	frullanie enflée	Susceptible
Bryophytes	15043	Frullania riparia	frullanie des rochers	Susceptible
Bryophytes	1443	Fuscocephaloziopsis catenulata subsp. catenulata	céphalozie chaînon	Susceptible
Bryophytes	1449	Fuscocephaloziopsis macrostachya var. macrostachya	célaphozie des marais	Susceptible
Bryophytes	1916	Grimmia atrata	grimmie du cuivre	Susceptible
Bryophytes	6842	Grimmia crinitoleucophaea	grimmie ventripotente	Susceptible
Bryophytes	1915	Grimmia elongata	grimmie élancée	Susceptible
Bryophytes	1904	Grimmia incurva	grimmie noire	Susceptible
Bryophytes	1906	Grimmia mollis	grimmie à feuilles molles	Susceptible
Bryophytes	1907	Grimmia olneyi	grimmie col-de-cygne	Susceptible
Bryophytes	1909	Grimmia pilifera	grimmie porte-poil	Susceptible
Bryophytes	1910	Grimmia sessitana	grimmie ambiguë	Susceptible
Bryophytes	1911	Grimmia teretinervis	grimmie à nervure cylindrique	Susceptible
Bryophytes	1913	Grimmia trichophylla	grimmie à feuilles aristées	Susceptible
Bryophytes	1485	Gymnocolea inflata subsp. acutiloba	gobelin à lobes aigus	Susceptible
Bryophytes	15058	Gymnomitrion obtusum	gymnomitrion à lobes obtus	Susceptible
Bryophytes	1548	Gymnomitrion revolutum	marsupelle révolutée	Susceptible
Bryophytes	1490	Harpanthus drummondii	harpanthe bois-pourri	Susceptible
Bryophytes	6845	Hygroamblystegium noterophilum	amblystégie à pointe raide	Susceptible
Bryophytes	1493	Hygrobiella laxifolia	hygrobielle à feuilles lâches	Susceptible
Bryophytes	1941	Hygrohypnum montanum	riverine des montagnes	Susceptible
Bryophytes	1940	Hygrohypnum subeugyrium	riverine ovale	Susceptible
Bryophytes	30009	Hyophila involuta	hyophile à feuilles enroulées	Susceptible
Bryophytes	17118	Hypnum andoi	hypne apprimée	Susceptible
Bryophytes	1946	Hypnum callichroum	hypne lustrée	Susceptible
Bryophytes	1496	Jungermannia atrovirens	jongermanne vert foncé	Susceptible
Bryophytes	1505	Jungermannia polaris	jongermanne polaire	Susceptible
Bryophytes	1967	Kiaeria falcata	faux-dicrane faucille	Susceptible
Bryophytes	1975	Leskea obscura	leskée obscure	Susceptible
Bryophytes	1537	Lophozia silvicola	lophozie des forêts	Susceptible
Bryophytes	1536	Lophozia ventricosa var. uliginosa	lophozie des sphaignes	Susceptible
Bryophytes	1540	Mannia fragrans	mannie odorante	Susceptible
Bryophytes	1416	Mannia gracilis	astérelle gracieuse	Susceptible
Bryophytes	1541	Mannia pilosa	mannie poilue	Susceptible
Bryophytes	15063	Marchantia polymorpha subsp. montivagans	marchantie des montagnes	Susceptible
Bryophytes	30021	Marsupella aquatica	marsupelle aquatique	Susceptible
Bryophytes	16626	Marsupella boeckii	marsupelle fausse-céphalozielle	Susceptible
Bryophytes	1546	Marsupella condensata	marsupelle pressée	Susceptible
Bryophytes	1549	Marsupella sparsifolia	marsupelle arrondie	Susceptible
Bryophytes	1519	Mesoptychia bantriensis	lophozie trompeuse	Susceptible
Bryophytes	17095	Microlejeunea ulicina	collier des fées	Susceptible
Bryophytes	15052	Micromitrium tenerum	éphémère délicat	Susceptible
Bryophytes	17125	Moerckia blyttii‏	collerette des montagnes	Susceptible
Bryophytes	1561	Nardia insecta	nardie bilobée	Susceptible
Bryophytes	1562	Nardia scalaris	nardie échelonnée	Susceptible
Bryophytes	15044	Notothylas orbicularis	anthocérote orbiculaire	Susceptible
Bryophytes	30014	Odontoschisma sphagni	vénusté des sphaignes	Susceptible
Bryophytes	1998	Oligotrichum falcatum	polytric à feuilles falciformes	Susceptible
Bryophytes	2003	Orthothecium chryseon var. cochleariifolium	stylite cuillère	Susceptible
Bryophytes	2010	Orthotrichum pallens	houppe pâle	Susceptible
Bryophytes	2255	Pelekium minutulum	thuidie minuscule	Susceptible
Bryophytes	2021	Phascum cuspidatum	phasque à feuilles cuspidées	Susceptible
Bryophytes	2029	Physcomitrella patens	korrigan à feuilles étalées	Susceptible
Bryophytes	2240	Plagiomnium curvatulum	mnie recourbée	Susceptible
Bryophytes	2039	Plagiothecium piliferum	satinette porte-poil	Susceptible
Bryophytes	2293	Platylomella lescurii	leskée marginée	Susceptible
Bryophytes	6863	Pohlia melanodon	pohlie à dents noires	Susceptible
Bryophytes	2073	Polytrichastrum ohioense	polytric méridional	Susceptible
Bryophytes	1858	Pseudocalliergon brevifolium	pseudocalliergon à feuilles courtes	Susceptible
Bryophytes	2081	Pseudoleskea patens	leskée étalée	Susceptible
Bryophytes	15076	Pseudoleskea stenophylla	leskée à feuilles étroites	Susceptible
Bryophytes	2088	Psilopilum cavifolium	polytric à feuilles concaves	Susceptible
Bryophytes	2091	Pterygoneurum ovatum	nisse ovale	Susceptible
Bryophytes	2099	Racomitrium canescens subsp. latifolium	frangine à feuilles larges	Susceptible
Bryophytes	2106	Racomitrium elongatum	frangine élancée	Susceptible
Bryophytes	2105	Racomitrium panschii	frangine arctique	Susceptible
Bryophytes	2281	Rhizomnium andrewsianum	mnie ondulée	Susceptible
Bryophytes	2110	Rhytidiadelphus loreus	ébouriffe lanière	Susceptible
Bryophytes	30007	Riccia beyrichiana	riccie frangée	Susceptible
Bryophytes	1587	Riccia bifurca	riccie fourchue	Susceptible
Bryophytes	15048	Riccia cavernosa	riccie caverneuse	Susceptible
Bryophytes	1589	Riccia frostii	riccie à marges rouges	Susceptible
Bryophytes	15049	Riccia rhenana	riccie précieuse	Susceptible
Bryophytes	15050	Riccia sorocarpa	riccie grisâtre	Susceptible
Bryophytes	1621	Saccobasis polita	tritomaire élégante	Susceptible
Bryophytes	15077	Sanionia orthothecioides	faucillette faux-stylite	Susceptible
Bryophytes	1592	Sauteria alpina	sautérie alpine	Susceptible
Bryophytes	1594	Scapania carinthiaca var. carinthiaca	scapanie bois-pourri	Susceptible
Bryophytes	1599	Scapania glaucocephala var. glaucocephala	scapanie glauque	Susceptible
Bryophytes	1603	Scapania irrigua subsp. rufescens	scapanie des plages	Susceptible
Bryophytes	15067	Scapania kaurinii	scapanie inusitée	Susceptible
Bryophytes	1604	Scapania ligulifolia	scapanie à feuilles ligulées	Susceptible
Bryophytes	30013	Scapania pseudocalcicola	scapanie calcicole	Susceptible
Bryophytes	1611	Scapania scandica	scapanie à petites feuilles	Susceptible
Bryophytes	17133	Schistidium atrichum	grimmie glabre	Susceptible
Bryophytes	15351	Schistidium crassipilum	grimmie à soie épaisse	Susceptible
Bryophytes	15356	Schistidium cryptocarpum	grimmie à capsule cachée	Susceptible
Bryophytes	15352	Schistidium flexipile	grimmie variable	Susceptible
Bryophytes	15359	Schistidium frigidum	grimmie des montagnes	Susceptible
Bryophytes	15353	Schistidium grandirete	grimmie rougeâtre	Susceptible
Bryophytes	2266	Schistidium holmenianum	grimmie des tourbières	Susceptible
Bryophytes	15361	Schistidium pulchrum	grimmie ravissante	Susceptible
Bryophytes	15355	Schistidium venetum	grimmie azurée	Susceptible
Bryophytes	1524	Schistochilopsis grandiretis	lophozie à ventre noir	Susceptible
Bryophytes	6871	Seligeria brevifolia	séligérie à feuilles courtes	Susceptible
Bryophytes	2125	Seligeria diversifolia	séligérie à feuilles variées	Susceptible
Bryophytes	2123	Seligeria recurvata	séligérie à soie courbée	Susceptible
Bryophytes	2129	Sphagnum aongstroemii	sphaigne d'Angström	Susceptible
Bryophytes	17134	Sphagnum austinii	sphaigne d'Austin	Susceptible
Bryophytes	16560	Sphagnum mirum	sphaigne étrange	Susceptible
Bryophytes	2143	Sphagnum molle	sphaigne molle	Susceptible
Bryophytes	15084	Sphagnum orientale	sphaigne orientale	Susceptible
Bryophytes	17081	Sphagnum perfoliatum	sphaigne perfoliée	Susceptible
Bryophytes	15053	Sphagnum rubiginosum	sphaigne panachée	Susceptible
Bryophytes	2155	Sphagnum strictum	sphaigne dressée	Susceptible
Bryophytes	2179	Splachnum pensylvanicum	splanc étroit	Susceptible
Bryophytes	6880	Stegonia latifolia var. latifolia	stégonie à feuilles larges	Susceptible
Bryophytes	17137	Stegonia latifolia var. pilifera	stégonie porte-poil	Susceptible
Bryophytes	2184	Tayloria acuminata	taylorie acuminée 	Susceptible
Bryophytes	2188	Tayloria splachnoides	taylorie faux-splanc	Susceptible
Bryophytes	2196	Tetraplodon pallidus	tétraplodon pâle	Susceptible
Bryophytes	2189	Tetrodontium brownianum	quadrident variable	Susceptible
Bryophytes	17045	Tetrodontium ovatum	quadrident ovale	Susceptible
Bryophytes	17046	Tetrodontium repandum	quadrident ondulé	Susceptible
Bryophytes	2198	Thelia asprella	thélie papilleuse	Susceptible
Bryophytes	2199	Thelia hirtella	thélie hirsute	Susceptible
Bryophytes	2207	Timmia norvegica var. excurrens	timmie à nervure excurrente	Susceptible
Bryophytes	2208	Timmia sibirica	timmie papilleuse	Susceptible
Bryophytes	2214	Tortella inclinata	tortelle inclinée	Susceptible
Bryophytes	30004	Tortula laureri	tortule de Laurer	Susceptible
Bryophytes	1787	Tortula leucostoma	tortule blanche	Susceptible
Bryophytes	6865	Tortula nevadensis	tortule édentée	Susceptible
Bryophytes	2222	Trichostomum arcticum	trichostome arctique	Susceptible
Bryophytes	15059	Tritomaria capitata	lophozie des sables	Susceptible
Bryophytes	1530	Tritomaria laxa	lophozie lâche	Susceptible
Bryophytes	1624	Tritomaria quinquedentata subsp. turgida	tritomaire enflée	Susceptible
Bryophytes	1655	Weissia muhlenbergiana	weissie à capsule immergée	Susceptible
Bryophytes	1656	Weissia phascopsis	weissie faux-phasque	Susceptible
Bryophytes	2232	Zygodon rupestris	houppe des rochers	Susceptible
Embryophytes	2301	Acer nigrum	érable noir	Vulnérable
Embryophytes	2418	Achillea alpina subsp. multiflora	achillée multiflore	Susceptible
Embryophytes	3858	Agastache nepetoides	agastache faux-népéta	Susceptible
Embryophytes	2420	Agoseris aurantiaca var. aurantiaca	agoséride orangée	Susceptible
Embryophytes	4366	Agrimonia pubescens	aigremoine pubescente	Susceptible
Embryophytes	17143	Alchemilla alpina	alchémille des Alpes	Susceptible
Embryophytes	4370	Alchemilla filicaulis subsp. vestita	alchémille vêtue	Candidate
Embryophytes	5663	Allium tricoccum	ail des bois	Vulnérable
Embryophytes	2949	Alnus serrulata	aulne tendre	Susceptible
Embryophytes	17349	Amaranthus tuberculatus var. tuberculatus	amarante tuberculée	Candidate
Embryophytes	4390	Amelanchier amabilis	amélanchier gracieux	Susceptible
Embryophytes	6261	Anchistea virginica	woodwardie de Virginie	Susceptible
Embryophytes	2990	Andersonglossum boreale	cynoglosse boréale	Susceptible
Embryophytes	2444	Antennaria parlinii subsp. parlinii	antennaire de Parlin	Candidate
Embryophytes	2440	Antennaria rosea subsp. confinis	antennaire des frontières	Susceptible
Embryophytes	5720	Aplectrum hyemale	aplectrelle d'hiver	Menacée
Embryophytes	5093	Arisaema dracontium	arisème dragon	Menacée
Embryophytes	7809	Aristida basiramea	aristide à rameaux basilaires	Menacée
Embryophytes	2468	Arnica chamissonis	arnica de Chamisso	Susceptible
Embryophytes	2479	Arnica griscomii subsp. griscomii	arnica de Griscom	Menacée
Embryophytes	17101	Arnica lanceolata subsp. lanceolata -p03, p05, p12	arnica à aigrette brune	Vulnérable
Embryophytes	2499	Artemisia tilesii	armoise de Tilesius	Susceptible
Embryophytes	2404	Asclepias exaltata	asclépiade très grande	Susceptible
Embryophytes	2409	Asclepias tuberosa var. interior	asclépiade de l'intérieur	Menacée
Embryophytes	6246	Aspidotis densa	aspidote touffue	Menacée
Embryophytes	6252	Asplenium platyneuron	doradille ébène	Susceptible
Embryophytes	6254	Asplenium rhizophyllum	doradille ambulante	Susceptible
Embryophytes	6256	Asplenium ruta-muraria var. cryptolepis	doradille des murailles d'Amérique	Menacée
Embryophytes	3657	Astragalus americanus	astragale d'Amérique	Susceptible
Embryophytes	3663	Astragalus australis var. glabriusculus	astragale austral	Susceptible
Embryophytes	3662	Astragalus robbinsii var. fernaldii	astragale de Fernald	Menacée
Embryophytes	3773	Bartonia virginica	bartonie de Virginie	Susceptible
Embryophytes	2590	Bidens heterodoxa	bident différent	Susceptible
Embryophytes	3862	Blephilia hirsuta	bléphilie hirsute	Susceptible
Embryophytes	3039	Boechera collinsii	arabette de Collins	Susceptible
Embryophytes	3045	Boechera quebecensis	arabette du Québec	Menacée
Embryophytes	3024	Borodinia canadensis	arabette du Canada	Susceptible
Embryophytes	3040	Borodinia laevigata	arabette lisse	Susceptible
Embryophytes	13565	Botrychium ascendens	botryche ascendant	Susceptible
Embryophytes	6380	Botrychium campestre var. lineare	botryche linéaire	Susceptible
Embryophytes	31151	Botrychium crenulatum	botryche crénelé	Candidate
Embryophytes	13564	Botrychium michiganense	botryche du Michigan	Susceptible
Embryophytes	6376	Botrychium mormo	botryche petit-lutin	Susceptible
Embryophytes	6381	Botrychium pallidum	botryche pâle	Susceptible
Embryophytes	14079	Botrychium pedunculosum	botryche pédonculé	Susceptible
Embryophytes	14950	Botrychium pinnatum	botryche à lobes obtus	Susceptible
Embryophytes	6382	Botrychium spathulatum	botryche à segments spatulés	Susceptible
Embryophytes	3061	Braya humilis subsp. humilis	braya délicat	Susceptible
Embryophytes	17099	Braya linearis	braya à fruits linéaires	Susceptible
Embryophytes	5850	Bromus pubescens	brome pubescent	Susceptible
Embryophytes	5865	Calamagrostis pickeringii	calamagrostide de Pickering	Candidate
Embryophytes	5725	Calypso bulbosa var. americana	calypso d'Amérique	Susceptible
Embryophytes	3446	Calystegia spithamaea subsp. stans	liseron dressé	Candidate
Embryophytes	2539	Canadanthus modestus	aster modeste	Susceptible
Embryophytes	3088	Cardamine bulbosa	cardamine bulbeuse	Vulnérable
Embryophytes	5113	Carex annectens	carex à gaine tronquée	Susceptible
Embryophytes	5120	Carex argyrantha	carex argenté	Susceptible
Embryophytes	5123	Carex atherodes	carex épi-de-blé	Susceptible
Embryophytes	5126	Carex atlantica subsp. capillacea	carex à feuilles capillaires	Susceptible
Embryophytes	5132	Carex baileyi	carex de Bailey	Susceptible
Embryophytes	5156	Carex cephalophora	carex porte-tête	Susceptible
Embryophytes	5168	Carex cumulata	carex dense	Susceptible
Embryophytes	5177	Carex digitalis var. digitalis	carex digital	Menacée
Embryophytes	17092	Carex echinodes	carex épineux	Susceptible
Embryophytes	5190	Carex folliculata	carex folliculé	Susceptible
Embryophytes	5191	Carex formosa	carex joli	Susceptible
Embryophytes	5214	Carex hirsutella	carex hirsute	Susceptible
Embryophytes	5230	Carex laxiculmis var. laxiculmis	carex à tiges faibles	Susceptible
Embryophytes	5244	Carex lupuliformis	carex faux-lupulina	Menacée
Embryophytes	6420	Carex macloviana -p11	carex des Malouines	Susceptible
Embryophytes	31361	Carex macounii	carex de Macoun	Candidate
Embryophytes	5257	Carex mesochorea	carex de l'arrière-pays	Susceptible
Embryophytes	5261	Carex molesta	carex dérangeant	Susceptible
Embryophytes	5387	Carex muehlenbergii var. muehlenbergii	carex de Mühlenberg	Susceptible
Embryophytes	5272	Carex oligocarpa	carex à fruits clairsemés	Susceptible
Embryophytes	5295	Carex richardsonii	carex de Richardson	Susceptible
Embryophytes	5308	Carex sartwellii	carex de Sartwell	Susceptible
Embryophytes	31156	Carex seorsa	carex à épis disjoints	Candidate
Embryophytes	5189	Carex siccata	carex sec	Susceptible
Embryophytes	5331	Carex swanii	carex de Swan	Susceptible
Embryophytes	5332	Carex sychnocephala	carex compact	Susceptible
Embryophytes	5336	Carex tincta	carex coloré	Susceptible
Embryophytes	5342	Carex trichocarpa	carex à fruits velus	Susceptible
Embryophytes	5347	Carex typhina	carex massette	Susceptible
Embryophytes	5358	Carex virescens	carex virescent	Susceptible
Embryophytes	3852	Carya ovata var. ovata	caryer ovale	Susceptible
Embryophytes	4360	Ceanothus americanus	céanothe d'Amérique	Susceptible
Embryophytes	3242	Cerastium nutans var. nutans	céraiste penché	Susceptible
Embryophytes	14953	Cerastium regelii	céraiste de Regel	Susceptible
Embryophytes	3379	Chenopodium foggii	chénopode de Fogg	Susceptible
Embryophytes	4244	Chimaphila maculata	chimaphile maculée	Susceptible
Embryophytes	2351	Cicuta maculata var. victorinii	cicutaire de Victorin	Menacée
Embryophytes	2627	Cirsium scariosum var. scariosum	chardon écailleux	Menacée
Embryophytes	4207	Claytonia virginica	claytonie de Virginie	Susceptible
Embryophytes	14358	Cochlearia tridactylites	cranson tridactyle	Susceptible
Embryophytes	5726	Coeloglossum viride	orchis grenouille	Candidate
Embryophytes	4067	Conopholis americana	conopholis d'Amérique	Vulnérable
Embryophytes	5731	Corallorhiza odontorhiza var. odontorhiza	corallorhize d’automne	Menacée
Embryophytes	5733	Corallorhiza striata var. striata	corallorhize striée	Susceptible
Embryophytes	5734	Corallorhiza striata var. vreelandii	corallorhize de Vreeland	Susceptible
Embryophytes	3572	Corema conradii	corème de Conrad	Menacée
Embryophytes	2980	Corylus americana	noisetier d'Amérique	Susceptible
Embryophytes	6402	Coryphopteris simulata	thélyptère simulatrice	Menacée
Embryophytes	4402	Crataegus brainerdii	aubépine de Brainerd	Susceptible
Embryophytes	30108	Crataegus canadensis	aubépine du Canada	Susceptible
Embryophytes	4407	Crataegus coccinioides	aubépine dilatée	Susceptible
Embryophytes	4405	Crataegus crus-galli var. crus-galli	aubépine ergot-de-coq	Menacée
Embryophytes	4423	Crataegus schuettei var. schuettei	aubépine de Schuette	Susceptible
Embryophytes	4425	Crataegus suborbiculata	aubépine suborbiculaire	Susceptible
Embryophytes	30277	Crepidomanes intricatum	crépidomane des Appalaches	Candidate
Embryophytes	30363	Crocanthemum bicknellii	hélianthème de Bicknell	Candidate
Embryophytes	3409	Crocanthemum canadense	hélianthème du Canada	Susceptible
Embryophytes	31154	Cuscuta cephalanthi	cuscute du céphalanthe	Candidate
Embryophytes	17207	Cuscuta coryli	cuscute du noisetier	Candidate
Embryophytes	17208	Cuscuta gronovii var. latiflora	cuscute à fleurs larges	Candidate
Embryophytes	3551	Cuscuta polygonorum	cuscute des renouées	Candidate
Embryophytes	5441	Cyperus dentatus	souchet denté	Susceptible
Embryophytes	16628	Cyperus erythrorhizos	souchet à racines rouges	Susceptible
Embryophytes	31155	Cyperus flavescens	souchet jaunâtre	Candidate
Embryophytes	5447	Cyperus houghtonii	souchet de Houghton	Susceptible
Embryophytes	5451	Cyperus odoratus	souchet odorant	Susceptible
Embryophytes	5452	Cyperus schweinitzii	souchet de Schweinitz	Susceptible
Embryophytes	5510	Cyperus subsquarrosus	lipocarphe à petites fleurs	Susceptible
Embryophytes	5737	Cypripedium arietinum	cypripède tête-de-bélier	Vulnérable
Embryophytes	5739	Cypripedium parviflorum var. makasin	cypripède mocassin	Candidate
Embryophytes	5740	Cypripedium passerinum	cypripède oeuf-de-passereau	Menacée
Embryophytes	5743	Cypripedium reginae	cypripède royal	Susceptible
Embryophytes	6274	Cystopteris laurentiana	cystoptère laurentienne	Susceptible
Embryophytes	5891	Deschampsia alpina	deschampsie alpine	Susceptible
Embryophytes	3101	Descurainia incana	moutarde-tanaisie grise	Candidate
Embryophytes	3098	Descurainia pinnata subsp. brachycarpa	moutarde-tanaisie verte	Susceptible
Embryophytes	3669	Desmodium paniculatum var. paniculatum	desmodie paniculée	Vulnérable
Embryophytes	17393	Dichanthelium portoricense	panic du district de Columbia	Candidate
Embryophytes	17168	Draba arctica	drave arctique	Susceptible
Embryophytes	17098	Draba cayouettei	drave de Cayouette	Susceptible
Embryophytes	3111	Draba corymbosa	drave en corymbe	Susceptible
Embryophytes	16989	Draba micropetala	drave à petits pétales	Susceptible
Embryophytes	3126	Draba nemorosa	drave des bois	Susceptible
Embryophytes	3136	Draba peasei	drave de Pease	Susceptible
Embryophytes	30116	Draba pilosa	drave poilue	Susceptible
Embryophytes	17097	Draba puvirnituqii	drave des monts de Puvirnituq	Menacée
Embryophytes	3139	Draba pycnosperma	drave à graines imbriquées	Menacée
Embryophytes	3135	Draba subcapitata	drave subcapitée	Susceptible
Embryophytes	5931	Echinochloa walteri	échinochloé de Walter	Susceptible
Embryophytes	14955	Elatine ojibwayensis	élatine du lac Ojibway	Susceptible
Embryophytes	14042	Eleocharis aestuum	éléocharide des estuaires	Susceptible
Embryophytes	5477	Eleocharis compressa var. compressa	éléocharide comprimée	Susceptible
Embryophytes	14043	Eleocharis diandra	éléocharide à deux étamines	Menacée
Embryophytes	5467	Eleocharis flavescens var. olivacea	éléocharide olivâtre	Candidate
Embryophytes	14075	Eleocharis macrostachya	éléocharide à gros épi	Candidate
Embryophytes	17253	Eleocharis mamillata subsp. mamillata	éléocharide à tétons	Susceptible
Embryophytes	5942	Elymus curvatus	élyme courbé	Candidate
Embryophytes	5940	Elymus villosus	élyme velu	Susceptible
Embryophytes	17396	Elymus virginicus var. intermedius	élyme intermédiaire	Candidate
Embryophytes	4048	Epilobium brachycarpum	épilobe d'automne	Susceptible
Embryophytes	4045	Epilobium saximontanum	épilobe des Rocheuses	Susceptible
Embryophytes	2650	Erigeron compositus	vergerette à feuilles segmentées	Susceptible
Embryophytes	30113	Erigeron compositus -p01, p11	vergerette à feuilles segmentées	Vulnérable
Embryophytes	2662	Erigeron philadelphicus var. provancheri	vergerette de Provancher	Menacée
Embryophytes	5547	Eriocaulon parkeri	ériocaulon de Parker	Menacée
Embryophytes	3146	Erysimum inconspicuum	vélar à petites fleurs	Candidate
Embryophytes	4850	Erythranthe geyeri	mimule de James	Menacée
Embryophytes	3634	Euphorbia polygonifolia	euphorbe à feuilles de renouée	Susceptible
Embryophytes	4818	Euphrasia disjuncta	euphraise à aire disjointe	Candidate
Embryophytes	2519	Eurybia divaricata	aster à rameaux étalés	Menacée
Embryophytes	6183	Festuca baffinensis -p11	fétuque de Baffin	Susceptible
Embryophytes	5990	Festuca frederikseniae	fétuque de Frederiksen	Susceptible
Embryophytes	3962	Floerkea proserpinacoides	floerkée fausse-proserpinie	Vulnérable
Embryophytes	5746	Galearis spectabilis	galéaris remarquable	Susceptible
Embryophytes	4629	Galium boreale	gaillet boréal	Candidate
Embryophytes	4630	Galium brevipes	gaillet à pédicelles courts	Susceptible
Embryophytes	3598	Gaylussacia bigeloviana	gaylussaquier de Bigelow	Menacée
Embryophytes	3777	Gentiana clausa	gentiane close	Susceptible
Embryophytes	3797	Gentianella propinqua subsp. propinqua -p09, p11	gentiane fausse-amarelle	Susceptible
Embryophytes	30117	Gentianella quinquefolia subsp. quinquefolia	gentiane à cinq feuilles	Susceptible
Embryophytes	3786	Gentianopsis crinita	gentiane frangée	Susceptible
Embryophytes	3789	Gentianopsis virgata subsp. macounii	gentiane de Macoun	Susceptible
Embryophytes	30066	Gentianopsis virgata subsp. macounii -p11	gentiane de Macoun, pop de la Gaspésie	Menacée
Embryophytes	3791	Gentianopsis virgata subsp. victorinii	gentiane de Victorin	Menacée
Embryophytes	3805	Geranium carolinianum	géranium de Caroline	Menacée
Embryophytes	3809	Geranium maculatum	géranium maculé	Susceptible
Embryophytes	17402	Glyceria septentrionalis var. septentrionalis	glycérie septentrionale	Candidate
Embryophytes	5748	Goodyera pubescens	goodyérie pubescente	Vulnérable
Embryophytes	6296	Gymnocarpium continentale	gymnocarpe frêle	Susceptible
Embryophytes	2704	Helianthus divaricatus	hélianthe à feuilles étalées	Vulnérable
Embryophytes	6278	Homalosorus pycnocarpos	athyrie à sores denses	Susceptible
Embryophytes	6012	Hordeum brachyantherum subsp. brachyantherum	orge des prés	Menacée
Embryophytes	4658	Houstonia longifolia	houstonie à longues feuilles	Menacée
Embryophytes	3849	Hydrophyllum canadense	hydrophylle du Canada	Menacée
Embryophytes	3668	Hylodesmum nudiflorum	desmodie nudiflore	Susceptible
Embryophytes	3431	Hypericum ascyron subsp. pyramidatum	millepertuis à grandes fleurs	Susceptible
Embryophytes	3425	Hypericum gentianoides	millepertuis fausse-gentiane	Candidate
Embryophytes	3434	Hypericum virginicum	millepertuis de Virginie	Susceptible
Embryophytes	2934	Ionactis linariifolia	aster à feuilles de linaire	Vulnérable
Embryophytes	5558	Iris virginica var. shrevei	iris de Shreve	Susceptible
Embryophytes	6338	Isoetes tuckermanii	isoète de Tuckerman	Susceptible
Embryophytes	3854	Juglans cinerea	noyer cendré	Susceptible
Embryophytes	5568	Juncus acuminatus	jonc à tépales acuminés	Menacée
Embryophytes	7814	Juncus anthelatus	jonc branchu	Susceptible
Embryophytes	5592	Juncus ensifolius	jonc à épées	Susceptible
Embryophytes	5596	Juncus greenei	jonc de Greene	Susceptible
Embryophytes	5599	Juncus longistylis	jonc longistyle	Susceptible
Embryophytes	31150	Juncus secundus	jonc à fleurs unilatérales	Candidate
Embryophytes	5613	Juncus torreyi	jonc de Torrey	Susceptible
Embryophytes	2297	Justicia americana	carmantine d'Amérique	Menacée
Embryophytes	3695	Lathyrus venosus	gesse veinée	Susceptible
Embryophytes	17202	Lechea intermedia var. laurentiana	léchéa de la vallée du Saint-Laurent	Candidate
Embryophytes	5648	Lemna perpusilla	lenticule très petite	Candidate
Embryophytes	3698	Lespedeza capitata	lespédèze capitée	Candidate
Embryophytes	31152	Leucospora multifida	leucospore multifide	Candidate
Embryophytes	14952	Liparis liliifolia	liparis à feuilles de lis	Susceptible
Embryophytes	2998	Lithospermum latifolium	grémil à larges feuilles	Candidate
Embryophytes	3013	Lithospermum parviflorum	onosmodie hispide	Menacée
Embryophytes	3214	Lobelia spicata	lobélie à épi	Susceptible
Embryophytes	4224	Lysimachia hybrida	lysimaque hybride	Susceptible
Embryophytes	6023	Melica smithii	mélique de Smith	Susceptible
Embryophytes	4798	Micranthes gaspensis	saxifrage de Gaspésie	Susceptible
Embryophytes	4793	Micranthes stellaris	saxifrage étoilée	Susceptible
Embryophytes	3917	Monarda punctata var. villicaulis	monarde à tige velue	Menacée
Embryophytes	6034	Muhlenbergia sylvatica	muhlenbergie des bois	Susceptible
Embryophytes	6036	Muhlenbergia tenuiflora	muhlenbergie ténue	Menacée
Embryophytes	2773	Mulgedium pulchellum	laitue bleue	Susceptible
Embryophytes	6406	Myosotis verna	myosotis printanier	Menacée
Embryophytes	3835	Myriophyllum heterophyllum	myriophylle à feuilles variées	Susceptible
Embryophytes	3836	Myriophyllum humile	myriophylle menu	Susceptible
Embryophytes	17103	Najas gracillima	naïade grêle	Susceptible
Embryophytes	5716	Najas guadalupensis subsp. olivacea	naïade olivâtre	Susceptible
Embryophytes	6038	Nardus stricta	nard raide	Susceptible
Embryophytes	5753	Neottia bifolia	listère du Sud	Menacée
Embryophytes	5754	Neottia borealis	listère boréale	Susceptible
Embryophytes	14412	Nuttallanthus canadensis	linaire du Canada	Candidate
Embryophytes	4050	Oenothera gaura	gaura bisannuel	Susceptible
Embryophytes	4061	Oenothera pilosella	onagre piloselle	Susceptible
Embryophytes	6384	Ophioglossum pusillum	ophioglosse nain	Susceptible
Embryophytes	3723	Oxytropis borealis var. viscida	oxytrope visqueux	Menacée
Embryophytes	3753	Oxytropis deflexa subsp. foliolosa -p11	oxytrope à folioles nombreuses	Susceptible
Embryophytes	2935	Packera heterophylla	séneçon fausse-cymbalaire	Menacée
Embryophytes	2821	Packera obovata	séneçon à feuilles obovales	Menacée
Embryophytes	2400	Panax quinquefolius	ginseng à cinq folioles	Menacée
Embryophytes	6046	Panicum flexile	panic flexible	Susceptible
Embryophytes	6049	Panicum philadelphicum	panic de Philadelphie	Susceptible
Embryophytes	6051	Panicum virgatum	panic raide	Susceptible
Embryophytes	4873	Pedicularis palustris subsp. palustris	pédiculaire des marais	Susceptible
Embryophytes	6249	Pellaea atropurpurea	pelléade à stipe pourpre	Menacée
Embryophytes	6251	Pellaea glabella subsp. glabella	pelléade glabre	Menacée
Embryophytes	5099	Peltandra virginica	peltandre de Virginie	Susceptible
Embryophytes	4879	Penstemon hirsutus	penstémon hirsute	Susceptible
Embryophytes	4102	Persicaria arifolia	renouée à feuilles d'arum	Susceptible
Embryophytes	4108	Persicaria careyi	renouée de Carey	Susceptible
Embryophytes	4137	Persicaria robustior	renouée robuste	Susceptible
Embryophytes	30112	Phegopteris excelsior	grande phégoptère	Candidate
Embryophytes	6398	Phegopteris hexagonoptera	phégoptère à hexagones	Menacée
Embryophytes	14984	Phragmites australis subsp. americanus	roseau d'Amérique	Candidate
Embryophytes	3922	Physostegia virginiana subsp. virginiana	physostégie de Virginie	Susceptible
Embryophytes	5074	Pinus rigida	pin rigide	Menacée
Embryophytes	5772	Platanthera flava var. herbiola	platanthère petite-herbe	Susceptible
Embryophytes	5783	Platanthera macrophylla	platanthère à grandes feuilles	Susceptible
Embryophytes	16985	Platanthera shriveri	platanthère de Shriver	Candidate
Embryophytes	5762	Platanthera unalascensis	pipérie d'Unalaska	Susceptible
Embryophytes	16624	Platanus occidentalis	platane occidental	Susceptible
Embryophytes	30118	Poa flexuosa subsp. consauliae	pâturin de Consaul	Susceptible
Embryophytes	6086	Poa saltuensis subsp. languida	pâturin faible	Susceptible
Embryophytes	6095	Poa secunda subsp. secunda	pâturin de Sandberg	Susceptible
Embryophytes	2946	Podophyllum peltatum	podophylle pelté	Menacée
Embryophytes	4204	Podostemum ceratophyllum	podostémon à feuilles cornées	Susceptible
Embryophytes	3463	Polanisia dodecandra subsp. dodecandra	polanisie à douze étamines	Menacée
Embryophytes	4186	Polemonium vanbruntiae	polémoine de Van Brunt	Menacée
Embryophytes	4090	Polygala ambigua	polygale alterne	Susceptible
Embryophytes	4085	Polygala polygama	polygale polygame	Susceptible
Embryophytes	4087	Polygala senega	polygale sénéca	Susceptible
Embryophytes	4116	Polygonum douglasii	renouée de Douglas	Vulnérable
Embryophytes	4136	Polygonum ramosissimum subsp. ramosissimum	renouée à fleurs jaunes	Candidate
Embryophytes	6392	Polypodium sibiricum	polypode de Sibérie	Susceptible
Embryophytes	6305	Polystichum scopulinum	polystic des rochers	Vulnérable
Embryophytes	6206	Potamogeton berchtoldii subsp. gemmiparus	potamot à gemmes	Susceptible
Embryophytes	30303	Potamogeton bicupulatus	potamot bicupulé	Candidate
Embryophytes	6188	Potamogeton confervoides	potamot confervoïde	Candidate
Embryophytes	6197	Potamogeton illinoensis	potamot de l'Illinois	Susceptible
Embryophytes	31243	Potamogeton pulcher	potamot gracieux	Candidate
Embryophytes	6212	Potamogeton strictifolius	potamot à feuilles raides	Susceptible
Embryophytes	6215	Potamogeton vaseyi	potamot de Vasey	Susceptible
Embryophytes	4475	Potentilla arenosa subsp. chamissonis	potentille de Chamisso	Susceptible
Embryophytes	3841	Proserpinaca palustris	proserpinie des marais	Susceptible
Embryophytes	4511	Prunus pumila var. susquehanae	cerisier de la Susquehanna	Susceptible
Embryophytes	4008	Pterospora andromedea	ptérospore à fleurs d’andromède	Menacée
Embryophytes	6113	Puccinellia angustata	puccinellie étroite	Susceptible
Embryophytes	6101	Puccinellia nuttalliana	puccinellie de Nuttall	Susceptible
Embryophytes	3929	Pycnanthemum tenuifolium	pycnanthème à feuilles étroites	Susceptible
Embryophytes	3756	Quercus bicolor	chêne bicolore	Susceptible
Embryophytes	4339	Ranunculus rhomboideus	renoncule rhomboïde	Susceptible
Embryophytes	4342	Ranunculus sceleratus var. multifidus	renoncule multifide	Candidate
Embryophytes	4344	Ranunculus sulphureus	renoncule soufrée	Susceptible
Embryophytes	2323	Rhus aromatica var. aromatica	sumac aromatique	Vulnérable
Embryophytes	2324	Rhus glabra	sumac glabre	Susceptible
Embryophytes	5512	Rhynchospora capillacea	rhynchospore capillaire	Susceptible
Embryophytes	3827	Ribes oxyacanthoides var. oxyacanthoides	groseillier du Nord	Susceptible
Embryophytes	3828	Ribes oxyacanthoides var. setosum	groseillier à poils raides	Candidate
Embryophytes	3046	Rorippa aquatica	armoracie des étangs	Susceptible
Embryophytes	14392	Sabulina litorea	sabline des grèves	Susceptible
Embryophytes	3269	Sabulina michauxii	sabline de Michaux	Susceptible
Embryophytes	3272	Sabulina rossii	sabline de Ross	Susceptible
Embryophytes	3288	Sagina nodosa subsp. nodosa	sagine noueuse	Susceptible
Embryophytes	3345	Sagina saginoides -p01, p11	sagine des Alpes	Susceptible
Embryophytes	5085	Sagittaria montevidensis subsp. spongiosa	sagittaire spongieuse	Menacée
Embryophytes	4685	Salix amygdaloides	saule à feuilles de pêcher	Susceptible
Embryophytes	4686	Salix arbusculoides	saule arbustif	Susceptible
Embryophytes	4699	Salix chlorolepis	saule à bractées vertes	Menacée
Embryophytes	4722	Salix maccalliana	saule de McCalla	Susceptible
Embryophytes	4737	Salix pseudomonticola	saule pseudomonticole	Susceptible
Embryophytes	4241	Samolus parviflorus	samole à petites fleurs	Susceptible
Embryophytes	2377	Sanicula canadensis var. canadensis	sanicle du Canada	Susceptible
Embryophytes	4766	Saururus cernuus	lézardelle penchée	Menacée
Embryophytes	6371	Sceptridium oneidense	botryche d'Oneida	Susceptible
Embryophytes	16629	Schizaea pusilla	schizée naine	Susceptible
Embryophytes	5534	Schoenoplectiella purshiana var. purshiana	scirpe de Pursh	Menacée
Embryophytes	5527	Schoenoplectus heterochaetus	scirpe à soies inégales	Susceptible
Embryophytes	6418	Scirpus ancistrochaetus	scirpe à crochets	Susceptible
Embryophytes	3532	Sedum villosum	orpin velu	Susceptible
Embryophytes	5560	Sisyrinchium angustifolium	bermudienne à feuilles étroites	Susceptible
Embryophytes	2885	Solidago chlorolepis	verge d'or à bractées vertes	Vulnérable
Embryophytes	6232	Sparganium glomeratum	rubanier aggloméré	Susceptible
Embryophytes	5790	Spiranthes casei var. casei	spiranthe de Case	Susceptible
Embryophytes	31153	Spiranthes ochroleuca	spiranthe jaunâtre	Candidate
Embryophytes	6150	Sporobolus compositus var. compositus	sporobole rude	Susceptible
Embryophytes	3321	Stellaria alsine	stellaire fausse-alsine	Susceptible
Embryophytes	3729	Strophostyles helvola	strophostyle ochracé	Susceptible
Embryophytes	3408	Suaeda rolandii	suéda de Roland	Susceptible
Embryophytes	2580	Symphyotrichum anticostense	aster d'Anticosti	Vulnérable
Embryophytes	2574	Symphyotrichum lanceolatum subsp. lanceolatum var. interior	aster continental	Susceptible
Embryophytes	2924	Symphyotrichum laurentianum	aster du golfe Saint-Laurent	Menacée
Embryophytes	2553	Symphyotrichum pilosum var. pringlei	aster de Pringle	Susceptible
Embryophytes	14954	Symphyotrichum robynsianum -p07, p15	aster de Robyns	Susceptible
Embryophytes	17155	Symphyotrichum subulatum var. subulatum	aster subulé	Susceptible
Embryophytes	2382	Taenidia integerrima	ténidia à feuilles entières	Susceptible
Embryophytes	2908	Taraxacum latilobum	pissenlit à lobes larges	Susceptible
Embryophytes	2904	Taraxacum laurentianum	pissenlit du golfe du Saint-Laurent	Susceptible
Embryophytes	2909	Taraxacum phymatocarpum	pissenlit en lyre	Candidate
Embryophytes	4351	Thalictrum dasycarpum	pigamon pourpré	Susceptible
Embryophytes	5700	Tofieldia coccinea	tofieldie écarlate	Susceptible
Embryophytes	6154	Torreyochloa pallida var. pallida	glycérie pâle	Susceptible
Embryophytes	2330	Toxicodendron vernix	sumac à vernis	Susceptible
Embryophytes	5544	Trichophorum pumilum	trichophore nain	Susceptible
Embryophytes	3960	Trichostema brachiatum	trichostème à sépales égaux	Susceptible
Embryophytes	3961	Trichostema dichotomum	trichostème fourchu	Susceptible
Embryophytes	4975	Ulmus thomasii	orme liège	Menacée
Embryophytes	17102	Utricularia radiata	utriculaire rayonnante	Susceptible
Embryophytes	4991	Valeriana uliginosa	valériane des tourbières	Vulnérable
Embryophytes	4998	Verbena simplex	verveine simple	Menacée
Embryophytes	4999	Verbena stricta	verveine veloutée	Susceptible
Embryophytes	4891	Veronica alpina	véronique alpine	Susceptible
Embryophytes	4894	Veronica catenata	véronique en chaîne	Susceptible
Embryophytes	3519	Viburnum recognitum	viorne litigieuse	Susceptible
Embryophytes	3738	Vicia americana var. americana	vesce d'Amérique	Susceptible
Embryophytes	17517	Viola novae-angliae	violette de Nouvelle-Angleterre	Candidate
Embryophytes	5029	Viola rostrata	violette à long éperon	Susceptible
Embryophytes	5032	Viola sagittata var. ovata	violette à feuilles frangées	Susceptible
Embryophytes	5033	Viola sagittata var. sagittata	violette sagittée	Susceptible
Embryophytes	6311	Woodsia obtusa subsp. obtusa	woodsie à lobes arrondis	Menacée
Embryophytes	6313	Woodsia oregana subsp. cathcartiana	woodsie de Cathcart	Susceptible
Embryophytes	6316	Woodsia scopulina subsp. laurentiana	woodsie du golfe Saint-Laurent	Susceptible
Insectes	14167	Acronicta rubricoma	acronicte à virgules rougeâtres	Susceptible
Insectes	14945	Adalia bipunctata	coccinelle à deux points	Vulnérable
Insectes	15237	Adela caeruleella	fée noire aux longues antennes	Susceptible
Insectes	1181	Aeshna clepsydra	aeschne clepsydre	Candidate
Insectes	15364	Bombus affinis	Bourdon à tache rousse	Menacée
Insectes	7905	Bombus bohemicus	Bourdon-coucou grisonnant	Candidate
Insectes	15365	Bombus terricola	Bourdon-perceur septentrional	Susceptible
Insectes	14949	Cephaloon ungulare	faux-longicorne scalaire	Susceptible
Insectes	864	Cicindela lepida	cicindèle blanche	Susceptible
Insectes	862	Cicindela patruela	cicindèle verte des pinèdes	Susceptible
Insectes	14946	Coccinella novemnotata	coccinelle à neuf points	Menacée
Insectes	1016	Coenonympha nipisiquit	satyre fauve des Maritimes	Menacée
Insectes	886	Erynnis martialis	hespérie tachetée	Susceptible
Insectes	1226	Erythemis simplicicollis	érythème des étangs	Susceptible
Insectes	6814	Erythrodiplax berenice	érythrodiplax côtier	Susceptible
Insectes	914	Euphyes dion	hespérie de Dionée	Susceptible
Insectes	974	Euptoieta claudia	fritillaire panachée	Susceptible
Insectes	1197	Gomphaeschna furcillata	aeschne pygmée	Susceptible
Insectes	1164	Gomphurus ventricosus	gomphe ventru	Susceptible
Insectes	1263	Lestes vigilax	leste matinal	Susceptible
Insectes	944	Lycaena dospassosi	cuivré des marais salés	Menacée
Insectes	6817	Melanoplus gaspesiensis	mélanople de Gaspésie	Susceptible
Insectes	31167	Merhynchites bicolor	Charançon bicolor du rosier	Candidate
Insectes	1198	Nasiaeschna pentacantha	æschne Cyrano	Susceptible
Insectes	14943	Neospondylis upiformis	Spondyle ténébrion	Susceptible
Insectes	1024	Oeneis bore gaspeensis	nordique à nervures blanches de Gaspé	Susceptible
Insectes	1174	Ophiogomphus anomalus	ophiogomphe bariolé	Susceptible
Insectes	30280	Phanogomphus quadricolor	gomphe des fosses	Candidate
Insectes	14944	Phymatodes maculicollis	phymatode à col maculé	Susceptible
Insectes	14102	Poanes massasoit	hespérie des roseaux	Candidate
Insectes	909	Pompeius verna	hespérie à taches vitreuses	Susceptible
Insectes	1215	Somatochlora incurvata	cordulie incurvée	Susceptible
Insectes	1284	Stylurus amnicola	gomphe riverin	Candidate
Insectes	1242	Sympetrum corruptum	sympétrum bagarreur	Susceptible
Insectes	14942	Trechus crassiscapus	tréchine à scapes larges	Susceptible
Insectes	1223	Williamsonia fletcheri	cordulie bistrée	Susceptible
Insectes	14198	Xyloryctes jamaicensis	dynaste rhinocéros	Susceptible
Mammifères	735	Aeorestes cinereus	chauve-souris cendrée	Susceptible
Mammifères	781	Balaenoptera musculus	rorqual bleu	Susceptible
Mammifères	778	Balaenoptera physalus	rorqual commun	Vulnérable
Mammifères	768	Delphinapterus leucas pop. 1	béluga, pop. de l'Est de la baie d'Hudson	Susceptible
Mammifères	769	Delphinapterus leucas pop. 2	béluga, pop. de la baie d'Ungava	Susceptible
Mammifères	770	Delphinapterus leucas pop. 3	béluga, pop. de l'estuaire du Saint-Laurent	Menacée
Mammifères	784	Eubalaena glacialis	baleine noire	Susceptible
Mammifères	14976	Glaucomys volans pop. 1	petit polatouche, pop. des plaines des Grands Lacs	Susceptible
Mammifères	801	Gulo gulo	carcajou	Menacée
Mammifères	731	Lasionycteris noctivagans	chauve-souris argentée	Susceptible
Mammifères	734	Lasiurus borealis	chauve-souris rousse de l'Est	Vulnérable
Mammifères	752	Microtus chrotorrhinus	campagnol des rochers	Susceptible
Mammifères	753	Microtus pinetorum	campagnol sylvestre	Susceptible
Mammifères	798	Mustela nivalis	belette pygmée	Susceptible
Mammifères	729	Myotis leibii	chauve-souris pygmée de l'Est	Susceptible
Mammifères	728	Myotis lucifugus	petite chauve-souris brune	Menacée
Mammifères	31235	Myotis lucifugus, complexe Myotis	Complexe Myotis	Candidate
Mammifères	730	Myotis septentrionalis	chauve-souris nordique	Menacée
Mammifères	30062	Odobenus rosmarus pop. 4	morse de l'Atlantique, pop. du centre de l'Arctique et du Bas-Arctique	Susceptible
Mammifères	732	Perimyotis subflavus	pipistrelle de l'Est	Menacée
Mammifères	807	Phoca vitulina mellonae	phoque commun des lacs des Loups Marins	Susceptible
Mammifères	777	Phocoena phocoena	marsouin commun	Susceptible
Mammifères	813	Puma concolor	cougar	Susceptible
Mammifères	6786	Rangifer tarandus caribou pop. 14	caribou des bois, écotype forestier	Vulnérable
Mammifères	822	Rangifer tarandus caribou pop. 2	caribou des bois, écotype montagnard, pop. de la Gaspésie	Menacée
Mammifères	723	Sorex dispar	musaraigne longicaude	Susceptible
Mammifères	722	Sorex gaspensis	musaraigne de Gaspé	Susceptible
Mammifères	755	Synaptomys cooperi	campagnol-lemming de Cooper	Susceptible
Mammifères	791	Ursus americanus pop. 1	ours noir de l'île d'Anticosti	Candidate
Mammifères	792	Ursus maritimus	ours blanc	Vulnérable
Mollusques	30268	Acroloxus coloradensis pop. 2	patelle d’eau douce pointue, pop. de l’Est	Susceptible
Mollusques	1301	Alasmidonta marginata	alasmidonte rugueuse	Susceptible
Mollusques	1362	Birgella subglobosus	somatogyre globuleux	Susceptible
Mollusques	14086	Elliptio crassidens	elliptio à dents fortes	Susceptible
Mollusques	1306	Eurynia dilatata	elliptio pointu	Susceptible
Mollusques	1311	Lasmigona compressa	lasmigone des ruisseaux	Candidate
Mollusques	1313	Leptodea fragilis	leptodée fragile	Susceptible
Mollusques	1314	Ligumia recta	ligumie noire	Candidate
Mollusques	1315	Margaritifera margaritifera	mulette-perlière de l'Est	Susceptible
Mollusques	1316	Obovaria olivaria	obovarie olivâtre	Menacée
Mollusques	1317	Potamilus alatus	potamile ailé	Susceptible
Mollusques	30111	Utterbackia imbecillis	anodonte papyracée	Candidate
Mollusques	1303	Utterbackiana implicata	anodonte du gaspareau	Menacée
Oiseaux	30096	Ammodramus savannarum pratensis	bruant sauterelle pratensis	Menacée
Oiseaux	429	Ammospiza nelsoni	bruant de Nelson	Susceptible
Oiseaux	274	Antrostomus vociferus	engoulevent bois-pourri	Vulnérable
Oiseaux	129	Aquila chrysaetos	aigle royal	Vulnérable
Oiseaux	269	Asio flammeus	hibou des marais	Susceptible
Oiseaux	107	Bucephala islandica pop. 1	garrot d'Islande, pop. de l'Est	Vulnérable
Oiseaux	15295	Calidris canutus rufa	bécasseau maubèche rufa	Menacée
Oiseaux	196	Calidris subruficollis	bécasseau roussâtre	Candidate
Oiseaux	402	Cardellina canadensis	paruline du Canada	Susceptible
Oiseaux	341	Catharus bicknelli	grive de Bicknell	Vulnérable
Oiseaux	275	Chaetura pelagica	martinet ramoneur	Menacée
Oiseaux	14974	Charadrius melodus melodus	pluvier siffleur melodus	Menacée
Oiseaux	242	Chlidonias niger	guifette noire	Candidate
Oiseaux	272	Chordeiles minor	engoulevent d'Amérique	Susceptible
Oiseaux	327	Cistothorus stellaris	troglodyte à bec court	Susceptible
Oiseaux	287	Contopus cooperi	moucherolle à côtés olive	Vulnérable
Oiseaux	288	Contopus virens	pioui de l'Est	Candidate
Oiseaux	145	Coturnicops noveboracensis	râle jaune	Menacée
Oiseaux	441	Dolichonyx oryzivorus	goglu des prés	Vulnérable
Oiseaux	446	Euphagus carolinus	quiscale rouilleux	Susceptible
Oiseaux	15297	Falco peregrinus pop. 1	faucon pèlerin anatum/tundrius	Vulnérable
Oiseaux	118	Haliaeetus leucocephalus	pygargue à tête blanche	Vulnérable
Oiseaux	309	Hirundo rustica	hirondelle rustique	Candidate
Oiseaux	101	Histrionicus histrionicus pop. 1	arlequin plongeur, pop. de l'Est	Vulnérable
Oiseaux	30132	Hydrobates leucorhous pop. 1	océanite cul-blanc, pop. de l’Atlantique	Susceptible
Oiseaux	233	Hydroprogne caspia	sterne caspienne	Menacée
Oiseaux	342	Hylocichla mustelina	grive des bois	Candidate
Oiseaux	46	Ixobrychus exilis	petit blongios	Vulnérable
Oiseaux	30091	Lanius ludovicianus pop. 1	pie-grièche migratrice, sous-espèce de l'Est	Menacée
Oiseaux	30097	Loxia curvirostra percna	bec-croisé des sapins percna	Candidate
Oiseaux	278	Melanerpes erythrocephalus	pic à tête rouge	Menacée
Oiseaux	395	Parkesia motacilla	paruline hochequeue	Susceptible
Oiseaux	27	Podiceps auritus	grèbe esclavon	Menacée
Oiseaux	304	Progne subis	hirondelle noire	Candidate
Oiseaux	307	Riparia riparia	hirondelle de rivage	Candidate
Oiseaux	388	Setophaga cerulea	paruline azurée	Menacée
Oiseaux	235	Sterna dougallii	sterne de Dougall	Menacée
Oiseaux	443	Sturnella magna	sturnelle des prés	Candidate
Oiseaux	30089	Tyto alba pop. 2	effraie des clochers, pop. de l'Est	Susceptible
Oiseaux	365	Vermivora chrysoptera	paruline à ailes dorées	Menacée
Poissons	515	Acipenser fulvescens	esturgeon jaune	Susceptible
Poissons	516	Acipenser oxyrinchus	esturgeon noir	Susceptible
Poissons	522	Alosa sapidissima	alose savoureuse	Vulnérable
Poissons	596	Ameiurus natalis	barbotte jaune	Susceptible
Poissons	638	Ammocrypta pellucida	dard de sable	Menacée
Poissons	679	Anarhichas denticulatus	loup à tête large	Susceptible
Poissons	680	Anarhichas lupus	loup atlantique	Susceptible
Poissons	681	Anarhichas minor	loup tacheté	Susceptible
Poissons	519	Anguilla rostrata	anguille d'Amérique	Susceptible
Poissons	602	Brosme brosme	brosme	Susceptible
Poissons	529	Coregonus artedi pop. 1	cisco de printemps	Menacée
Poissons	551	Esox americanus vermiculatus	brochet vermiculé	Vulnérable
Poissons	554	Esox niger	brochet maillé	Susceptible
Poissons	639	Etheostoma caeruleum	dard arc-en-ciel	Susceptible
Poissons	14065	Gadus morhua pop. 4	morue franche, pop. nord-laurentienne	Susceptible
Poissons	14066	Gadus morhua pop. 7	morue franche, pop. sud-laurentienne	Susceptible
Poissons	560	Hybognathus hankinsoni	méné laiton	Susceptible
Poissons	468	Ichthyomyzon fossor	lamproie du Nord	Menacée
Poissons	705	Lamna nasus	maraîche	Susceptible
Poissons	634	Lepomis peltastes	crapet du Nord	Susceptible
Poissons	30285	Leucoraja ocellata pop. 5	raie tachetée, pop. du golfe du Saint-Laurent	Menacée
Poissons	587	Moxostoma carinatum	chevalier de rivière	Vulnérable
Poissons	588	Moxostoma hubbsi	chevalier cuivré	Menacée
Poissons	479	Myoxocephalus quadricornis	chaboisseau à quatre cornes	Susceptible
Poissons	480	Myoxocephalus thompsonii	chabot de profondeur	Menacée
Poissons	565	Notropis bifrenatus	méné d'herbe	Vulnérable
Poissons	569	Notropis rubellus	méné à tête rose	Susceptible
Poissons	592	Noturus flavus	chat-fou des rapides	Vulnérable
Poissons	594	Noturus insignis	chat-fou liséré	Susceptible
Poissons	13990	Osmerus mordax pop. 1	éperlan arc-en-ciel, pop. du sud de l'estuaire du Saint-Laurent	Vulnérable
Poissons	646	Percina copelandi	fouille-roche gris	Vulnérable
Poissons	706	Prionace glauca	requin bleu	Susceptible
Poissons	14059	Salvelinus alpinus oquassa	omble chevalier oquassa	Vulnérable
Reptiles	839	Apalone spinifera	tortue-molle à épines	Menacée
Reptiles	829	Chelydra serpentina	tortue serpentine	Candidate
Reptiles	832	Clemmys guttata	tortue ponctuée	Susceptible
Reptiles	830	Dermochelys coriacea	tortue luth	Menacée
Reptiles	15241	Diadophis punctatus edwardsii	couleuvre à collier du Nord	Susceptible
Reptiles	834	Emydoidea blandingii	tortue mouchetée	Menacée
Reptiles	833	Glyptemys insculpta	tortue des bois	Vulnérable
Reptiles	835	Graptemys geographica	tortue géographique	Vulnérable
Reptiles	843	Lampropeltis triangulum	couleuvre tachetée	Vulnérable
Reptiles	30035	Nerodia sipedon sipedon	couleuvre d'eau du Nord	Vulnérable
Reptiles	848	Opheodrys vernalis	couleuvre verte	Susceptible
Reptiles	838	Sternotherus odoratus	tortue musquée	Menacée
Reptiles	845	Storeria dekayi	couleuvre brune	Menacée
Reptiles	30036	Thamnophis saurita septentrionalis	couleuvre mince du Nord	Susceptible
Mammifères		A déterminer	chauve-souris (non identifiée)	non
Amphibiens		A déterminer	salamandre (non identifiée)	non
Reptiles		A déterminer	couleuvre (non identifiée)	non
Reptiles		A déterminer	tortue (non identifié)	non
Oiseaux		A déterminer	oiseau (non identifié)	non
Mammifères		Mustela erminea	Hermine	non
Oiseaux		Butorides virescens	Héron vert	non
Embryophytes		Iris versicolor	Iris versicolor	non
Mammifères		Canis latrans	Coyote	non
Oiseaux		Megaceryle alcyon	Martin pêcheur 	non
Insectes		Danaus plexippus	Papillon monarque	non
Oiseaux		Setophaga coronata	Paruline à croupion jaune	non
Oiseaux		Otus asio	Petit duc maculé	non
Oiseaux		Aegolius acadicus	Petite nyctale	non
Oiseaux		Haliaeetus leucocephalus	Pyguarge à tête blanche	non
Mammifères		Procyon lotor	Raton-laveur	non
Mammifères		vulpes fulva	Renard roux	non
Oiseaux		Regulus calendula	Roitelet à couronne rubis	non
Amphibiens		Ambystoma laterale	Salamandre à points bleues	non
Amphibiens		Plethodon cinereus	Salamandre cendrée	non
Amphibiens		Notophthalmus viridescens	Triton vert	non
Mammifères		Mustela vison	Vison d'Amérique	non
Oiseaux		Nycticorax nycticorax	Bihoreau gris	non
Oiseaux		Circus hudsonius	Busard des marais	non
Oiseaux		Aix sponsa	Canard branchu	non
Mammifères		Eptesicus fuscus	Chauve-souris brune (grande)	non
Insectes		Danaus plexippus	Chenille de monarque	non
Oiseaux		Surnia ulula	Chouette épervière	non
Oiseaux		Strix varia	Chouette rayée	non
Oiseaux		Archilochus colubris	Colibri à gorge rubis	non
Reptiles		Storeria occipitomaculata	Couleuvre à ventre rouge	non
Oiseaux		Falco sparverius	Crécerelle d'Amérique	non
Oiseaux		Accipiter cooperii	Épervier de Cooper	non
Oiseaux		Bubo virginianus	Grand duc d'Amérique	non
Amphibiens		Rana sylvatica	Grenouille des bois	non
Autre		Autre	Autre	non
Embryophytes		Alliaria petiolata	Alliaire officinale	Espèce floristique exotique envahissante
Embryophytes		Trapa natans	Châtaigne d’eau	Espèce floristique exotique envahissante
Embryophytes		Acer platanoides	Érable de Norvège	Espèce floristique exotique envahissante
Embryophytes		Myriophyllum spicatum	Myriophylle à épis	Espèce floristique exotique envahissante
Embryophytes		Frangula alnus	Nerprun bourdaine	Espèce floristique exotique envahissante
Embryophytes		Rhamnus cathartica	Nerprun cathartique	Espèce floristique exotique envahissante
Embryophytes		Reynoutria ×bohemica	Renouée de Bohème	Espèce floristique exotique envahissante
Embryophytes		Reynoutria sachalinensis	Renouée de Sakhaline	Espèce floristique exotique envahissante
Embryophytes		Reynoutria japonica	Renouée du Japon	Espèce floristique exotique envahissante
Embryophytes		Phragmites australis subsp. australis	Roseau commun	Espèce floristique exotique envahissante
Embryophytes		Stratiotes aloides	Stratiote faux-aloès	Espèce floristique exotique envahissante
Embryophytes		Phalaris arundinacea	Alpiste roseau	Espèce floristique exotique envahissante
Embryophytes		Heracleum mantegazzianum	Berce du Caucase	Espèce floristique exotique envahissante
Embryophytes		Cabomba caroliniana	Cabomba de Caroline	Espèce floristique exotique envahissante
Embryophytes		Celastrus orbiculatus	Célastre asiatique	Espèce floristique exotique envahissante
Embryophytes		Lonicera maackii	Chèvrefeuille de Maack	Espèce floristique exotique envahissante
Embryophytes		Vincetoxicum rossicum	Dompte-venin de Russie	Espèce floristique exotique envahissante
Embryophytes		Vincetoxicum nigrum	Dompte-venin noir	Espèce floristique exotique envahissante
Embryophytes		Aegopodium podagraria	Égopode podagraire	Espèce floristique exotique envahissante
Embryophytes		Egeria densa	Élodée dense	Espèce floristique exotique envahissante
Embryophytes		Berberis thunbergii	Épine-vinette du Japon	Espèce floristique exotique envahissante
Embryophytes		Petasites hybridus	Grand pétasite	Espèce floristique exotique envahissante
Embryophytes		Hydrilla verticillata	Hydrille verticillée	Espèce floristique exotique envahissante
Embryophytes		Hydrocharis morsus-ranae	Hydrocharide grenouillette	Espèce floristique exotique envahissante
Embryophytes		Impatiens glandulifera	Impatiente glanduleuse	Espèce floristique exotique envahissante
Embryophytes		Microstegium vimineum	Microstégie en osier	Espèce floristique exotique envahissante
Embryophytes		Myriophyllum aquaticum	Myriophylle aquatique	Espèce floristique exotique envahissante
Charophyte		Nitellopsis obtusa	Nitelle étoilée	Espèce floristique exotique envahissante
Embryophytes		Elaeagnus umbellata	Oléastre à ombelles	Espèce floristique exotique envahissante
Embryophytes		Petasites japonicus	Pétasite du Japon	Espèce floristique exotique envahissante
Embryophytes		Najas minor	Petite naïade	Espèce floristique exotique envahissante
Embryophytes		Potamogeton crispus	Potamot crépu	Espèce floristique exotique envahissante
Embryophytes		Ficaria verna	Renoncule ficaire	Espèce floristique exotique envahissante